SELECT minus('{1,2}'::integer[], '{3,4}'::integer[]);
  minus  
---------
 {-2,-2}
(1 row)

--Single value
SELECT '{{1,2},{3,4}}'::integer[] - 3;
    ?column?     
-----------------
 {{-2,-1},{0,1}}
(1 row)

