SELECT multiply('{1,2}'::integer[], '{3,4}'::integer[]);
 multiply 
----------
 {3,8}
(1 row)

--Single value
SELECT '{{1,2},{3,4}}'::integer[] * 3;
    ?column?    
----------------
 {{3,6},{9,12}}
(1 row)

