SELECT random_seed(1);
 random_seed 
-------------
 
(1 row)

SELECT random_randn(2);
             random_randn              
---------------------------------------
 {-0.54974617895545,-1.40287270912792}
(1 row)

SELECT random_randn(2,2);
                               random_randn                                
---------------------------------------------------------------------------
 {{1.58275229197514,-1.04514681044202},{0.25759354129149,-1.959394569747}}
(1 row)

